job_title,description
Data Scientist,python machine learning pandas numpy statistics data analysis scikit-learn
ML Engineer,python tensorflow pytorch deep learning neural networks model deployment
AI Engineer,nlp computer vision transformers deep learning python ai systems
Data Analyst,excel sql power bi tableau visualization data cleaning analytics
Backend Developer,python django flask api rest microservices database backend
Frontend Developer,html css javascript react ui ux frontend responsive design
Full Stack Developer,html css javascript nodejs react mongodb backend frontend
Software Engineer,java c++ dsa system design backend problem solving algorithms
DevOps Engineer,docker kubernetes aws ci cd cloud deployment automation linux
Cyber Security Analyst,network security ethical hacking penetration testing cybersecurity firewall
Cloud Engineer,aws azure cloud infrastructure devops networking storage virtualization
Big Data Engineer,hadoop spark kafka big data processing distributed systems python
Database Administrator,sql oracle mysql database tuning indexing backup recovery
Mobile App Developer,android ios kotlin swift mobile development ui ux api integration
Game Developer,unity unreal engine c# game design graphics physics animation
QA Engineer,manual testing automation selenium test cases debugging quality assurance
Business Analyst,requirements gathering data analysis stakeholder communication agile scrum
System Administrator,linux windows server system administration networking troubleshooting
AI Researcher,deep learning research nlp computer vision transformers ai models
Blockchain Developer,blockchain solidity ethereum smart contracts web3 crypto
Embedded Systems Engineer,c embedded systems microcontrollers iot firmware hardware programming
Network Engineer,networking routing switching cisco firewall security protocols
UI UX Designer,figma adobe xd user interface user experience prototyping wireframing
Product Manager,product strategy roadmap agile scrum stakeholder management leadership
Technical Support Engineer,troubleshooting customer support hardware software issues networking
IT Support Specialist,desktop support networking troubleshooting system maintenance helpdesk
Site Reliability Engineer,sre monitoring logging kubernetes cloud reliability devops
Data Engineer,etl pipelines data warehousing sql python airflow spark
AR VR Developer,augmented reality virtual reality unity 3d modeling immersive tech
Robotics Engineer,robotics automation control systems sensors python ai robotics
Digital Marketing Specialist,seo sem google analytics content marketing social media ads
Content Writer,copywriting blogging seo content creation editing storytelling
HR Manager,recruitment employee relations hr policies payroll management hiring
Finance Analyst,financial analysis forecasting excel budgeting accounting data modeling
Sales Executive,sales negotiation client relationship business development marketing
Operations Manager,operations management supply chain logistics planning optimization
Supply Chain Analyst,inventory management logistics demand forecasting procurement
Healthcare Data Analyst,healthcare analytics medical data biostatistics patient data
Bioinformatics Scientist,genomics bioinformatics python r data analysis biology
Mechanical Engineer,mechanical design cad solidworks manufacturing production
Civil Engineer,construction structural analysis project planning site management
Electrical Engineer,circuit design power systems electronics matlab engineering
AI Chatbot Developer,nlp chatbot development python transformers dialogflow rasa
Cloud Security Engineer,cloud security aws security compliance encryption iam
Penetration Tester,ethical hacking vulnerability assessment security testing kali linux
Machine Learning Researcher,deep learning experimentation neural networks research python
Computer Vision Engineer,image processing opencv deep learning object detection cnn
NLP Engineer,text processing sentiment analysis transformers bert python nlp
Data Visualization Expert,tableau power bi dashboard storytelling data visualization
SEO Specialist,search engine optimization keyword research google ranking marketing
Social Media Manager,social media strategy content planning engagement analytics branding
E-commerce Manager,shopify amazon ecommerce product listing sales optimization
Game Tester,game testing debugging qa gameplay performance bug tracking
Android App Tester,mobile testing android qa automation debugging ui testing
Cloud Architect,cloud design aws azure architecture scalability devops
System Design Engineer,system architecture scalability microservices design patterns
Software Tester,manual testing automation qa selenium test cases debugging
Research Scientist,ai research machine learning experimentation python data science